title,excerpt,thumb,date,src_news_website
"This Decentralized Data Storage Altcoin Could Explode by Over 1,700% As AI Economy Booms: Arthur Hayes",BitMEX co-founder Arthur Hayes is expressing bullish sentiment on a decentralized data storage crypto project...,https://dailyhodl.com/wp-content/uploads/2023/10/Data-Storage-Altcoin-Could.jpg?w=350&h=250&crop=1,"October 7, 2023",The Daily Hodl
"Spot Bitcoin ETFs Could Send BTC Skyrocketing by Over 3,200%, Says InvestAnswers Host – Here’s the Timeline",The anonymous host of InvestAnswers is predicting that the approval of a spot Bitcoin (BTC)...,https://dailyhodl.com/wp-content/uploads/2023/10/Spot-Bitcoin-ETFs-Could.jpg?w=350&h=250&crop=1,"October 7, 2023",The Daily Hodl
"$17,400,000,000 in US Treasuries Dumped by BRICS Nations China, Brazil and Saudi Arabia in One Month",Founding BRICS members China and Brazil along with newcomer Saudi Arabia are quietly unloading their...,https://dailyhodl.com/wp-content/uploads/2023/10/brics-treasuries-dollar.jpg?w=350&h=250&crop=1,"October 6, 2023",The Daily Hodl
"Bank Abruptly Freezes $48,000 in Customer’s Account, Denying Access to Funds and Refusing to Verify Identity: Report",A Tennessean woman says her bank has abruptly frozen tens of thousands of dollars in...,https://dailyhodl.com/wp-content/uploads/2023/10/frozen-bank-dollars.jpg?w=350&h=250&crop=1,"October 6, 2023",The Daily Hodl
Top-100 Crypto Wallet Altcoin Jumps by More Than 20% This Week Amid Rollout of New Update,"A top-100 crypto wallet altcoin has surged by more than 22% this week, outpacing the...",https://dailyhodl.com/wp-content/uploads/2023/10/top-wallet-amid-new.jpg?w=350&h=250&crop=1,"October 6, 2023",The Daily Hodl
"$260,000,000,000 in Deposits Exits JPMorgan, Bank of America, Wells Fargo and Citi in One Year: S&P Global",Hundreds of billions of dollars in deposits has left America's four biggest banks in the...,https://dailyhodl.com/wp-content/uploads/2023/10/bank-jpmorgan-dollars.jpg?w=350&h=250&crop=1,"October 6, 2023",The Daily Hodl
"Whales Move Over $730,000,000 in Bitcoin, Ethereum, Dogecoin and XRP – Here’s Where the Crypto’s Going",New data reveals that deep-pocketed crypto investors are suddenly shifting hundreds of millions of dollars...,https://dailyhodl.com/wp-content/uploads/2023/03/Whales-Move-Over-600.jpg?w=350&h=250&crop=1,"October 6, 2023",The Daily Hodl
"Bitcoin Poised To ‘More Than Double’ Every Year, Says Pantera Capital CEO Dan Morehead",Pantera Capital CEO Dan Morehead thinks Bitcoin's (BTC) uninspired price action over the previous two...,https://dailyhodl.com/wp-content/uploads/2023/10/bitcoin-more-than-year.jpg?w=350&h=250&crop=1,"October 6, 2023",The Daily Hodl
"Crypto Trader Breaks Down Bitcoin (BTC) Pre-Halving Trends, Anticipates More Volatility Ahead",A widely followed crypto analyst is plotting out Bitcoin's (BTC) most likely moves as the...,https://dailyhodl.com/wp-content/uploads/2022/04/btc-breakout-imminent.jpg?w=350&h=250&crop=1,"October 6, 2023",The Daily Hodl
"U.S. SEC Will Probably Approve All Spot Bitcoin ETFs at the Same Time, Says Ex-BlackRock Managing Director",A former executive at global investment titan BlackRock says US regulators will likely give their...,https://dailyhodl.com/wp-content/uploads/2023/10/all-spot-etf-same.jpg?w=350&h=250&crop=1,"October 6, 2023",The Daily Hodl
U.S. Securities and Exchange Commission (SEC) Seeks To Force Elon Musk Testimony in Twitter Takeover Probe,The U.S. Securities and Exchange Commission (SEC) is looking to force billionaire Elon Musk to...,https://dailyhodl.com/wp-content/uploads/2023/06/Names-One-Tech-Sector-.jpg?w=350&h=250&crop=1,"October 6, 2023",The Daily Hodl
"Bitcoin to $120,000? Glassnode Co-Founders Say One Indicator Is Flashing a ‘Ready-To-Fly’ Signal",The co-founders of the crypto analytics firm Glassnode believe that Bitcoin (BTC) could soar into...,https://dailyhodl.com/wp-content/uploads/2022/06/btc-flying-off.jpg?w=350&h=250&crop=1,"October 6, 2023",The Daily Hodl
Hong Kong Financial Regulator Forms New Partnership With Police To Monitor Crypto Exchanges,The supervisory body regulating the securities and futures market in Hong Kong teams up with...,https://dailyhodl.com/wp-content/uploads/2023/10/hong-kong-with-police.jpg?w=350&h=250&crop=1,"October 6, 2023",The Daily Hodl
"Bitcoin Whales Are Still in a ‘Risk-On Mode’, Says Quant Analyst Ki Young Ju – Here’s What He Means",The co-founder and CEO of CryptoQuant says that Bitcoin (BTC) whales are in a “risk-on...,https://dailyhodl.com/wp-content/uploads/2023/10/Bitcoin-Whales-Are-Still-.jpg?w=350&h=250&crop=1,"October 6, 2023",The Daily Hodl
"Altcoins Primed for ‘Extremely Explosive’ Gains, Says Crypto Trader – Here’s the Timeline",A closely followed crypto strategist is predicting when trading in the altcoin market could begin...,https://dailyhodl.com/wp-content/uploads/2023/10/Extremely-Explosive-altcoin.jpg?w=350&h=250&crop=1,"October 6, 2023",The Daily Hodl
Why X Is the Future of Crypto Growth,"When we think of social media, certain names immediately come to mind – Facebook, Instagram...",https://dailyhodl.com/wp-content/uploads/2022/12/twitter-coin.jpg?w=350&h=250&crop=1,"October 3, 2023",The Daily Hodl
How AI Can Bridge the Language Barrier in Crypto,"Ever since Web 3.0 captured the attention of the public eye during 2021’s bull run,...",https://dailyhodl.com/wp-content/uploads/2023/06/Because-of-Artificial-Intelligence.jpg?w=350&h=250&crop=1,"September 26, 2023",The Daily Hodl
Wall Street Sees Blockchain Technology as a Game-Changer,Wall Street is placing a lot of hope on blockchain technology to streamline asset trading....,https://dailyhodl.com/wp-content/uploads/2022/10/star-holders-witness-january.jpg?w=350&h=250&crop=1,"September 21, 2023",The Daily Hodl
